N,P,K,temperature,humidity,ph,rainfall,label
16,143,204,23.714753,91.533312,5.631333,121.896166,apple
10,136,204,21.198522,92.155951,6.276199,105.855435,apple
5,136,195,22.356287,91.923605,6.264203,107.769741,apple
15,123,204,22.527093,92.547804,6.365973,115.383007,apple
3,141,197,21.981419,91.127193,6.142803,115.478915,apple
29,145,205,22.812276,92.129921,6.212303,109.338355,apple
27,120,200,21.452787,90.745319,6.110219,116.703658,apple
16,143,197,22.617116,93.519784,5.904026,116.925677,apple
33,134,205,21.036528,94.339195,6.085519,114.741273,apple
17,136,196,23.871923,90.49939,5.882156,103.054809,apple
35,138,200,21.199095,90.808194,5.671306,103.683892,apple
6,124,200,22.982081,93.84505,5.971332,109.585225,apple
40,136,202,22.852674,94.576458,5.935336,117.531403,apple
26,126,195,21.413638,92.991245,5.878569,118.397906,apple
29,139,205,23.641424,93.744615,6.155939,116.691218,apple
32,145,203,23.830537,90.844222,6.406819,109.596679,apple
30,127,204,22.500503,92.458783,6.126437,100.93439,apple
27,138,201,23.666821,93.901911,5.952368,105.400475,apple
2,140,197,22.697801,92.822234,5.534567,105.050823,apple
2,131,199,22.474205,91.227597,6.01737,124.21797,apple
28,136,200,23.062044,92.395441,6.245859,114.73991,apple
28,123,198,23.462603,91.45665,5.682751,111.77634,apple
7,141,195,23.881246,93.450676,5.514253,104.911666,apple
20,139,202,23.502014,92.21084,5.669991,107.986895,apple
2,129,201,22.782342,94.368035,5.682344,122.144995,apple
30,137,200,22.9143,90.704756,5.603413,118.604464,apple
31,137,196,22.144641,93.825674,6.400321,120.631078,apple
25,132,198,22.319441,90.851744,5.732758,100.117344,apple
40,120,197,23.805938,92.488795,5.889481,119.633555,apple
35,145,195,22.039115,94.580758,6.23195,110.980401,apple
14,140,197,23.352251,90.900547,6.071255,113.038138,apple
33,138,198,22.294235,90.69034,6.222391,122.741874,apple
29,140,195,23.64083,90.952579,5.560521,116.743132,apple
35,131,203,22.427761,93.917224,5.893491,102.723074,apple
31,121,201,23.157911,90.343969,5.731535,110.712841,apple
0,145,205,21.225034,90.098778,5.520783,113.976046,apple
1,135,203,22.778565,92.70124,5.624203,113.775922,apple
12,129,205,22.362383,91.157616,6.119432,118.683273,apple
35,142,203,21.170892,90.237302,5.895319,123.649515,apple
28,130,196,22.134506,94.676957,6.062356,112.920322,apple
38,135,203,23.761218,93.661643,5.965551,100.825956,apple
9,143,197,23.750331,92.881605,5.570021,117.660283,apple
40,144,196,22.717507,92.254799,5.987263,107.028987,apple
33,143,204,21.131608,91.957699,5.814435,122.539195,apple
18,125,203,22.443077,91.59234,6.160267,102.556581,apple
14,139,197,21.724845,92.839756,6.05653,121.696176,apple
29,132,204,23.089507,90.225073,6.096753,108.21666,apple
29,138,197,22.190554,92.437642,5.830892,121.662276,apple
36,144,196,23.651676,94.505288,6.496934,115.361127,apple
10,125,196,22.312537,90.035771,5.730557,113.068816,apple
25,143,200,23.804363,92.804416,6.024249,100.619254,apple
29,128,198,22.44075,92.707851,5.685062,121.497733,apple
35,128,205,21.072734,93.56586,6.041054,107.873702,apple
7,144,195,22.963885,93.58066,5.856481,104.647299,apple
33,121,203,22.456967,94.762854,5.605934,114.840772,apple
37,137,199,22.639464,90.184516,5.697946,108.340588,apple
36,140,198,23.343864,91.476847,6.281884,104.426799,apple
30,143,199,23.768816,90.598103,5.798351,102.264855,apple
0,133,200,23.672877,90.493557,5.708419,104.229803,apple
9,139,199,23.252308,94.541283,5.867421,105.355841,apple
13,126,204,23.109426,92.796308,6.38318,108.183792,apple
29,121,196,22.848528,94.321302,6.079497,123.597784,apple
30,122,197,21.377847,92.720437,5.573241,106.141702,apple
1,124,199,23.710591,93.273924,5.658474,112.667659,apple
22,144,196,21.911913,91.687481,6.499227,117.076128,apple
0,123,205,22.027754,92.961295,5.790993,121.134918,apple
27,139,205,22.48403,93.408192,5.77218,105.547363,apple
32,137,204,22.860066,93.128599,5.824152,117.729673,apple
20,129,201,23.410447,91.699133,5.587906,116.077793,apple
8,120,201,21.186674,91.134357,6.321152,122.233323,apple
14,128,205,22.60801,94.589006,6.22629,116.039659,apple
7,144,197,23.849401,94.34815,6.133221,114.05125,apple
2,143,196,22.712713,90.452617,5.669489,109.88526,apple
19,122,202,23.344674,90.379815,5.811975,112.895402,apple
34,140,198,21.70417,93.440063,5.751707,115.17814,apple
32,141,203,21.259411,92.844162,5.821348,109.065847,apple
31,130,198,21.801298,92.734467,5.554824,120.058667,apple
15,133,199,23.996862,91.610017,5.824779,117.610292,apple
2,123,205,22.366293,90.785725,5.739652,124.983162,apple
5,144,205,21.421772,92.626653,6.184923,102.804566,apple
21,135,198,23.860871,94.920481,5.765015,105.024133,apple
21,137,196,23.61192,91.702938,5.812782,123.590082,apple
26,121,201,22.191094,90.025751,6.162034,112.312663,apple
28,123,202,22.76643,92.124385,6.442289,120.435995,apple
26,122,202,22.44517,94.737635,5.617227,107.184327,apple
13,121,196,22.20701,93.505742,6.443383,120.159377,apple
18,125,204,22.355482,94.478118,6.046674,116.736626,apple
23,138,195,22.490951,91.702927,5.795986,124.39151,apple
24,142,202,22.537797,91.481358,5.71082,101.847477,apple
10,141,201,22.126594,90.978183,6.386021,104.541228,apple
11,143,197,22.984589,93.320449,5.875719,122.195248,apple
2,120,203,23.126527,94.712033,5.893493,108.621183,apple
37,126,196,23.599973,90.975977,5.596449,107.172819,apple
6,144,198,21.114787,90.315287,5.559364,104.508662,apple
9,137,200,21.121521,90.687877,5.636687,102.80172,apple
25,143,198,22.812125,91.518617,6.027314,107.855225,apple
13,144,197,22.921571,94.896134,6.280223,105.694154,apple
29,144,204,22.433245,92.486677,5.800449,119.102519,apple
24,128,196,22.750888,90.694892,5.521467,110.431786,apple
10,140,197,22.169395,90.271856,6.229499,124.468311,apple
108,92,53,27.400536,82.962213,6.2768,104.9378,banana
111,88,55,29.447954,78.349715,5.505394,96.450426,banana
98,79,50,25.341198,84.473213,6.435917,91.064934,banana
105,88,54,25.787498,84.511942,6.020445,114.200546,banana
108,72,46,25.162782,84.978492,6.110845,90.945546,banana
120,87,52,28.076446,76.055221,5.905495,118.992357,banana
93,85,49,27.967991,79.286257,5.694244,119.476556,banana
92,75,45,29.012077,77.951925,5.674403,90.434954,banana
103,72,51,26.126434,81.81365,6.099479,104.481286,banana
104,80,54,27.090622,81.335069,5.879119,110.133118,banana
92,85,51,29.221186,81.081836,5.740765,108.861647,banana
93,83,46,29.38254,83.504237,5.765309,109.248665,banana
91,75,55,27.48613,76.112398,6.212369,109.276885,banana
95,74,50,25.901131,80.471527,6.002482,110.10323,banana
111,79,53,28.311933,75.773638,6.165001,119.695765,banana
117,86,53,25.196402,83.558299,5.703382,115.858608,banana
86,79,45,27.812515,82.692854,5.807664,99.209615,banana
102,73,54,26.402023,84.410076,5.720727,111.016226,banana
83,94,47,27.398723,81.105234,6.469371,112.135538,banana
107,71,55,29.420179,83.967545,6.088064,117.229079,banana
95,75,45,28.983334,82.959582,5.829899,109.022564,banana
93,81,50,27.718225,76.578532,6.036079,102.209984,banana
97,74,45,26.475226,78.518338,5.67772,113.11611,banana
101,75,50,26.593864,81.407403,6.242528,109.982555,banana
95,82,48,27.394896,83.31172,5.719015,92.781336,banana
89,85,55,26.671984,76.485417,6.275385,91.733586,banana
82,75,55,27.345851,78.487383,6.28107,92.155243,banana
110,71,54,28.672089,82.207936,5.725419,94.379875,banana
92,81,52,28.01068,76.528081,5.891414,103.704078,banana
108,94,47,27.359116,84.54625,6.387431,90.812505,banana
85,89,51,29.211449,84.701899,6.158164,108.550144,banana
105,93,46,25.010185,78.762609,5.760458,108.369051,banana
113,85,45,27.949725,76.637134,6.037431,109.092163,banana
96,86,51,29.908885,76.987408,6.25737,91.999647,banana
117,82,45,25.293915,79.291222,5.614471,105.422025,banana
112,87,48,27.197116,77.397063,6.200111,99.469505,banana
99,70,46,26.595808,82.995567,5.72747,100.512334,banana
94,89,48,28.55981,84.516023,5.653438,111.084303,banana
100,74,52,25.434805,81.539778,5.837258,96.478004,banana
102,73,52,27.91221,83.363077,6.356091,90.242115,banana
104,73,46,29.140092,80.119023,6.282362,90.451429,banana
95,88,52,28.00316,78.90086,6.235462,94.681803,banana
90,86,55,27.962368,84.154036,5.644487,97.559867,banana
82,77,46,28.947047,82.1889,5.901101,95.830164,banana
99,92,47,28.127951,77.482471,6.323934,103.50454,banana
101,92,45,28.227767,80.643038,5.758054,98.00403,banana
118,88,51,25.449262,79.49222,6.201912,100.661917,banana
89,91,55,25.083474,80.261731,6.275572,94.329615,banana
117,81,53,29.507046,78.205856,5.507642,98.125658,banana
116,81,55,26.423133,83.699504,5.915546,95.123221,banana
107,72,45,28.149389,81.544489,5.790768,91.405084,banana
80,71,47,27.505277,80.79784,6.156373,105.077699,banana
94,70,48,25.136865,84.883944,6.195152,91.464425,banana
110,78,50,25.937302,78.898644,5.915569,98.217475,banana
114,94,53,26.335449,76.853201,6.190757,118.685826,banana
117,86,48,28.69562,82.541958,6.225225,116.161684,banana
100,76,45,25.56703,75.940677,5.590236,102.786772,banana
109,79,45,27.667528,79.685428,6.490074,108.66464,banana
85,95,47,25.94019,78.34221,6.211833,119.84797,banana
83,79,55,25.14748,83.346882,5.565029,98.666794,banana
86,95,49,28.054841,78.046029,6.458715,108.395718,banana
106,85,53,27.19946,78.808607,5.915055,99.724308,banana
95,75,50,28.081661,75.264298,5.623616,118.276189,banana
101,87,54,29.073111,76.500452,6.376757,100.169264,banana
118,88,52,28.650039,82.687525,5.843163,98.750844,banana
105,77,52,29.162266,76.161516,5.816622,100.007568,banana
108,88,55,26.28846,83.390039,5.891458,113.87298,banana
108,89,53,29.550548,78.067628,5.808498,99.344822,banana
90,92,55,27.009321,80.185468,6.134656,97.325317,banana
93,94,53,25.866324,84.423793,6.079179,114.53575,banana
80,77,49,26.05433,79.396545,5.519088,113.229737,banana
86,76,54,29.315908,80.115857,5.926825,90.109781,banana
114,79,51,26.210092,82.344295,6.313197,112.070003,banana
88,78,45,29.104035,79.195886,6.32427,92.078358,banana
112,73,48,29.244064,77.320172,5.707489,90.667279,banana
117,76,47,25.562022,77.38229,6.119216,93.102472,banana
119,90,48,28.667251,79.592425,5.986442,118.258344,banana
83,95,50,26.516823,77.799136,5.509471,108.854751,banana
90,86,52,25.85037,81.955805,5.79326,119.085617,banana
106,70,55,25.868248,78.523999,5.740555,116.301956,banana
82,78,46,25.058022,84.973237,5.738679,110.44088,banana
109,91,53,29.667273,83.510142,6.010096,110.25111,banana
100,80,52,27.539114,77.256299,6.049802,110.326212,banana
108,89,53,29.120369,80.180807,5.90877,112.398206,banana
101,70,48,25.360592,75.031933,6.012697,116.553146,banana
80,90,47,26.597436,79.358989,6.210845,107.394472,banana
105,95,50,27.33369,83.676752,5.849076,101.049479,banana
91,84,52,29.148272,78.710248,6.390742,117.536781,banana
119,72,55,25.990695,83.339831,6.220644,112.077715,banana
117,79,49,25.409099,82.362081,6.176644,112.97948,banana
116,71,47,27.572781,82.063888,6.435786,91.342765,banana
94,91,51,29.160934,76.674842,5.618094,109.575944,banana
102,71,48,28.654563,79.286937,5.695268,102.463378,banana
105,74,45,25.145176,81.382041,6.098369,119.218154,banana
92,81,52,27.393416,81.465483,6.438137,94.311021,banana
93,91,47,27.847679,83.311108,6.101242,117.287891,banana
89,83,47,28.095776,77.795868,5.631272,109.540861,banana
111,87,48,26.398552,81.360289,5.571401,98.16752,banana
99,73,53,26.29039,81.060038,5.871702,118.673037,banana
91,94,46,29.367924,76.249001,6.149934,92.828409,banana
19,26,29,26.931419,98.803136,5.671549,166.571288,coconut
18,30,29,26.762749,92.860569,6.420019,224.590366,coconut
27,30,31,28.985453,90.739668,5.71812,148.839837,coconut
1,6,35,27.022692,95.719354,6.231663,147.168246,coconut
26,18,27,27.459078,92.907365,5.836075,142.143,coconut
20,28,26,26.379785,91.49883,5.547595,167.0471,coconut
8,26,26,25.547599,91.641948,5.702485,212.867626,coconut
3,23,30,29.701432,95.657544,6.078807,215.196804,coconut
27,24,29,26.614235,96.973008,6.142011,191.006688,coconut
15,28,32,28.84271,99.643285,6.218572,224.401668,coconut
6,13,29,27.311557,99.96906,5.832608,201.825863,coconut
1,12,30,27.754298,95.946438,5.562224,131.090008,coconut
17,30,27,29.03065,90.790939,5.894027,205.572037,coconut
31,29,35,27.187228,92.199068,6.137103,141.322058,coconut
20,29,27,25.098977,92.360995,6.047044,157.759263,coconut
37,10,32,28.963183,95.163337,6.165085,222.803013,coconut
32,11,31,29.516116,92.564929,6.461226,131.211617,coconut
0,29,32,28.059124,98.367098,5.868256,171.65164,coconut
10,24,27,27.572835,94.904857,5.70841,145.929894,coconut
29,8,28,26.870376,91.725463,6.100429,214.412887,coconut
39,29,29,26.509086,94.484145,6.143663,199.87784,coconut
24,27,34,28.87863,95.113203,6.203377,145.058312,coconut
7,21,35,25.760117,94.658306,5.764812,131.245141,coconut
23,7,34,26.105512,91.524212,5.852038,134.127967,coconut
18,19,29,27.593768,92.485196,6.206078,162.843274,coconut
0,26,31,25.070725,95.021568,5.547933,192.903631,coconut
25,12,26,28.569735,95.679067,6.436314,134.837035,coconut
23,21,26,26.454887,93.450426,5.901496,149.222026,coconut
28,27,32,28.940997,93.00109,5.764615,191.772309,coconut
22,8,33,28.435729,95.884041,5.665785,203.928371,coconut
27,8,30,26.446001,98.299378,6.008386,221.225817,coconut
22,16,27,29.17979,90.272143,6.006785,188.925208,coconut
3,9,35,26.916419,99.846716,6.318553,225.632366,coconut
21,20,31,25.600337,99.72401,5.855458,165.824873,coconut
27,10,33,27.811328,97.484106,6.465906,154.062122,coconut
40,22,29,27.558218,99.981876,5.735364,174.625648,coconut
8,28,30,25.516185,94.334654,6.015672,135.127249,coconut
18,12,35,26.139584,96.385808,6.338721,131.338794,coconut
8,15,33,28.973187,98.09861,5.50158,213.901102,coconut
30,13,25,27.151161,91.488895,6.413185,164.918222,coconut
2,30,30,26.001751,94.799984,6.331052,209.540094,coconut
17,29,26,26.141621,93.284153,6.071897,195.411502,coconut
31,13,33,29.699523,95.212244,6.342464,148.300369,coconut
19,30,30,29.565492,91.408963,5.826381,224.831573,coconut
35,30,34,28.297476,95.411228,6.141502,182.448235,coconut
26,9,32,25.949036,94.738605,6.470466,144.157111,coconut
0,19,31,25.517913,94.384206,6.271953,178.729772,coconut
40,5,32,26.070108,96.703622,5.98117,143.533473,coconut
38,6,25,25.549633,96.927868,6.156259,191.299616,coconut
14,23,25,26.185524,96.966379,5.612123,135.418622,coconut
34,15,34,27.058265,91.105104,5.677283,224.700695,coconut
29,17,29,29.203949,95.669973,5.959493,211.250627,coconut
24,6,32,28.113215,90.017345,6.387068,172.481364,coconut
34,6,30,27.082825,97.001555,5.948343,171.757554,coconut
31,6,26,29.128591,91.309248,5.741367,157.238855,coconut
22,11,29,28.033806,95.016306,5.955743,218.005571,coconut
9,17,32,25.949517,93.405487,5.842318,172.054049,coconut
31,20,26,25.565678,97.613615,6.443169,199.793634,coconut
0,19,33,27.132601,95.23798,6.234458,204.720657,coconut
19,15,34,26.296449,99.658092,5.685889,215.919505,coconut
37,18,30,27.635513,99.348549,6.384884,157.917154,coconut
27,8,32,27.006484,96.461689,5.627861,144.333132,coconut
26,10,33,28.272981,96.936495,6.070718,198.823486,coconut
16,18,26,28.436471,91.813207,5.568366,145.541441,coconut
25,7,35,28.385039,99.188437,5.557712,189.671135,coconut
31,30,29,26.585804,90.986176,5.558807,178.811608,coconut
34,6,27,25.847263,90.926695,5.86074,147.888899,coconut
39,5,31,27.101347,93.699799,5.551963,150.950263,coconut
7,11,32,29.259029,95.112947,5.542169,184.76245,coconut
10,18,35,27.797977,99.64573,6.381975,181.694228,coconut
2,21,35,25.028872,91.537209,6.293662,179.824894,coconut
13,28,33,28.130115,95.648076,5.686973,151.07619,coconut
37,23,28,25.612944,94.313884,5.740055,224.320676,coconut
1,8,26,27.51363,94.189558,5.562912,156.673255,coconut
31,13,33,27.638349,95.487634,5.859719,205.546311,coconut
10,9,28,29.012569,94.010144,6.282955,150.050031,coconut
36,27,26,26.584139,95.789231,6.254496,171.62623,coconut
7,15,32,25.035124,95.8974,6.182233,174.796583,coconut
32,20,35,26.521664,98.382277,5.588655,144.62617,coconut
39,7,29,27.542732,94.590861,6.362544,150.201214,coconut
28,10,30,29.869083,91.147234,6.305741,192.767858,coconut
30,30,35,25.008724,95.59224,6.001936,165.809218,coconut
17,11,32,28.740133,93.396765,5.620734,156.765082,coconut
40,5,29,28.484449,97.768655,5.820979,160.389421,coconut
27,22,29,28.832149,92.171704,6.000249,145.417239,coconut
14,21,35,29.525014,91.911853,6.121006,194.310027,coconut
30,25,31,26.312706,98.62048,5.804965,208.118138,coconut
32,12,30,25.392411,98.089512,5.579845,218.080385,coconut
29,25,35,28.357507,91.645093,5.542874,160.730699,coconut
23,6,33,29.180326,92.730412,6.02579,204.960368,coconut
8,6,33,28.278043,93.647613,6.095261,171.945796,coconut
38,14,30,26.924495,91.20106,5.570745,194.902214,coconut
32,11,31,25.06872,93.314104,6.205932,134.841907,coconut
16,6,29,29.28725,91.956149,5.868285,132.149118,coconut
33,14,35,27.148653,96.663552,6.027707,149.24335,coconut
16,14,30,29.709313,96.304843,6.374668,209.845399,coconut
11,6,25,28.691648,96.652487,6.081568,178.963546,coconut
38,24,33,28.289051,97.003964,5.973853,142.940323,coconut
24,14,33,29.380725,93.275657,6.36622,218.524185,coconut
37,5,34,25.794905,93.841506,5.779033,152.423871,coconut
117,32,34,26.272418,52.127394,6.758793,127.175293,coffee
104,18,30,23.603016,60.396475,6.779833,140.937042,coffee
91,25,26,24.5346,66.997654,7.482414,180.505926,coffee
98,18,27,27.560886,68.492999,6.516312,167.435807,coffee
111,27,31,23.593023,55.27565,6.043331,191.398068,coffee
84,39,35,23.177144,52.13864,6.959404,117.311356,coffee
98,27,27,24.713841,51.291425,7.23811,197.643971,coffee
118,21,34,24.385346,64.725431,7.234258,119.632411,coffee
103,27,31,27.159985,51.591008,6.691541,126.175221,coffee
82,24,33,26.535432,67.096081,6.809594,120.649443,coffee
86,31,35,27.012073,60.766453,6.485761,191.450893,coffee
88,35,35,27.559065,58.457429,6.784461,117.938999,coffee
84,27,29,23.322932,53.003663,7.167093,168.264429,coffee
120,40,33,24.238506,54.303296,6.734105,115.156401,coffee
106,40,30,23.426116,64.106515,6.779984,122.684741,coffee
113,21,33,26.022414,55.83289,7.277423,176.902092,coffee
117,34,25,24.838462,56.768532,7.2127,124.413504,coffee
80,30,25,26.240922,65.643814,7.487267,148.37712,coffee
88,21,27,24.430119,66.024112,7.231167,181.636827,coffee
113,33,34,26.00374,62.14451,6.559817,153.477776,coffee
87,23,28,26.223674,62.265946,6.979591,193.746197,coffee
113,15,29,27.096172,63.553243,6.77923,190.244057,coffee
98,29,30,25.640044,61.032735,6.217974,199.473564,coffee
97,29,27,27.74577,54.369761,7.205079,139.861943,coffee
86,26,27,27.131404,52.893683,6.081173,192.428038,coffee
85,35,32,26.249282,54.286178,6.854011,133.112023,coffee
108,33,31,23.692871,66.760901,7.393826,144.657642,coffee
120,23,28,25.673242,51.290436,6.877799,196.273637,coffee
107,21,26,26.452885,55.322227,7.23507,144.686134,coffee
83,38,35,25.708227,52.886671,7.189156,136.732509,coffee
108,24,31,24.128325,56.181077,6.4319,147.275782,coffee
116,28,34,23.443723,60.395233,6.423211,122.210325,coffee
116,23,25,23.412371,52.269947,6.86972,139.367075,coffee
109,31,27,23.059519,50.406094,6.97384,164.497188,coffee
89,25,34,23.078954,63.658615,7.184802,129.876544,coffee
118,18,32,27.649611,51.11044,6.351824,122.839282,coffee
111,32,34,25.467437,69.351612,6.392048,171.376446,coffee
84,36,28,26.735062,55.551648,6.119892,140.630521,coffee
85,33,25,26.208114,52.50988,6.910824,189.094482,coffee
99,15,27,27.042417,57.279275,6.501157,165.687212,coffee
81,30,31,24.650902,51.939524,7.027586,135.138654,coffee
95,39,29,27.351526,55.99375,7.134114,148.981252,coffee
81,34,30,25.177877,62.262446,6.647766,135.011965,coffee
80,15,28,23.114387,68.00096,6.703271,161.894462,coffee
104,20,26,27.227837,52.952618,7.493192,175.726027,coffee
109,29,28,23.26317,60.516002,6.724689,194.175547,coffee
100,32,26,25.234661,57.531615,6.043486,124.226174,coffee
100,24,28,25.595353,57.729208,7.101661,195.773325,coffee
83,21,28,25.567483,60.492446,7.466901,190.225784,coffee
104,26,30,24.407267,62.656926,6.410993,148.697736,coffee
82,29,35,26.673772,52.242263,6.246872,156.15439,coffee
91,21,26,26.33378,57.3647,7.261314,191.654941,coffee
112,17,28,27.629755,61.260026,6.777418,196.649266,coffee
117,37,32,23.106938,67.062305,6.787659,162.576961,coffee
105,18,35,23.526481,68.440307,6.743417,171.883994,coffee
109,23,25,25.11711,68.480304,7.007332,194.877348,coffee
80,18,31,24.029525,58.848806,7.303033,134.680397,coffee
101,31,26,26.708975,69.711841,6.861235,158.860889,coffee
103,33,33,26.717174,50.501485,7.131436,126.807398,coffee
93,26,27,24.592457,56.468296,7.288212,137.704405,coffee
104,35,28,27.510061,50.666872,6.983732,143.995555,coffee
107,38,29,26.650693,57.566957,6.351182,145.105065,coffee
101,33,33,26.972516,62.018363,6.908671,142.861079,coffee
107,31,31,23.171246,52.978412,6.766184,153.120164,coffee
99,16,30,23.526521,65.443409,6.392792,186.17282,coffee
103,40,30,27.309018,55.196224,6.348316,141.483164,coffee
118,31,34,27.54823,62.881792,6.123796,181.417081,coffee
106,21,35,25.627355,57.041511,7.428524,188.550654,coffee
116,38,34,23.292503,50.04557,6.020947,183.468585,coffee
97,35,26,24.91461,53.741447,6.33461,166.254931,coffee
107,34,32,26.774637,66.413269,6.780064,177.774508,coffee
99,15,27,27.417112,56.636362,6.086922,127.92461,coffee
118,33,30,24.131797,67.225123,6.362608,173.322839,coffee
103,33,25,27.102104,55.749733,6.911066,139.501317,coffee
86,40,33,26.138787,52.263117,7.432322,136.302777,coffee
95,37,35,27.313171,68.423339,6.348338,192.428814,coffee
116,36,25,27.578476,58.525343,6.17209,156.681037,coffee
99,19,33,27.536455,55.516732,6.273742,130.637714,coffee
116,40,33,24.913705,54.153192,7.042089,129.548114,coffee
120,20,34,23.569605,50.563397,6.906125,130.379712,coffee
114,27,28,24.994518,57.932502,7.162802,192.873682,coffee
100,40,35,27.564418,54.410941,6.955787,177.816092,coffee
108,35,25,23.981433,61.109351,6.971963,161.52791,coffee
115,31,30,24.229847,67.377684,6.840928,122.407342,coffee
87,28,30,25.60154,68.66258,6.536677,168.83836,coffee
94,26,27,26.366299,52.257385,7.45646,177.317616,coffee
87,28,35,26.560278,57.162181,6.759212,152.061623,coffee
118,40,35,26.350342,58.506502,7.460175,121.55863,coffee
87,38,29,25.204068,57.883705,6.652643,156.145726,coffee
82,24,26,24.312745,53.572856,6.089444,184.410393,coffee
119,30,28,26.357709,64.57578,6.505204,163.62695,coffee
97,22,26,23.605675,59.688491,6.07419,185.156806,coffee
99,40,32,24.184712,69.948073,7.045543,163.270873,coffee
89,28,33,26.444141,53.838762,6.993236,175.372331,coffee
112,39,29,26.124922,63.374792,6.726529,147.80353,coffee
111,28,26,27.773633,64.478587,6.937353,192.712124,coffee
114,20,26,25.556567,62.670878,7.279057,193.586623,coffee
117,26,30,27.923744,67.969109,7.079851,115.232553,coffee
111,29,31,26.059684,52.310985,6.136287,161.343254,coffee
92,40,30,23.357232,55.187922,6.026287,171.697695,coffee
123,44,21,25.785445,75.005393,7.641117,91.395789,cotton
112,49,25,25.689595,77.90621,6.470135,66.194268,cotton
119,44,15,22.145937,82.859755,7.091992,60.653817,cotton
130,59,19,25.072787,82.502579,6.520404,93.510427,cotton
132,52,19,24.164023,76.74339,6.436692,61.946261,cotton
134,52,18,23.964313,76.591759,7.99468,76.130906,cotton
109,36,18,25.400592,76.53238,7.524708,62.513887,cotton
100,48,17,23.780512,83.038788,7.827878,66.265559,cotton
107,43,18,22.426733,81.534808,6.745104,65.544758,cotton
127,53,24,22.21507,76.178519,6.12794,70.405576,cotton
131,60,17,25.320237,81.794759,7.425041,83.465325,cotton
120,60,15,22.318719,83.8613,7.288377,65.35747,cotton
116,52,19,22.942767,75.371706,6.114526,67.080226,cotton
129,47,20,24.412123,80.803438,6.281914,98.604574,cotton
133,57,19,23.542347,75.982033,7.947011,84.125367,cotton
103,51,20,22.802131,84.146684,7.046607,91.638956,cotton
118,50,19,22.956041,82.337337,6.360812,66.483393,cotton
107,36,21,25.292501,75.666533,6.205264,62.641742,cotton
123,50,16,23.049205,75.538352,6.498052,70.656443,cotton
100,40,20,22.45146,76.256749,7.432044,86.849987,cotton
140,40,17,22.727672,77.075981,6.006086,77.551763,cotton
102,37,25,25.314685,77.917571,5.907931,72.829021,cotton
114,40,23,25.536761,81.136687,6.753978,95.42626,cotton
111,39,22,22.603616,80.350905,6.135025,88.573955,cotton
102,53,21,23.03814,76.110215,6.913679,91.496975,cotton
136,36,24,22.74447,80.411985,7.59782,90.073266,cotton
111,50,15,25.168201,80.303518,7.88455,84.62419,cotton
113,38,20,22.10719,78.583201,6.36473,74.941366,cotton
106,46,20,23.438217,78.633888,6.200672,81.150721,cotton
101,37,18,22.92361,82.687385,7.637378,92.919151,cotton
114,40,17,24.326305,80.134564,6.363406,69.450721,cotton
131,56,20,22.008171,81.838961,7.762648,92.236452,cotton
102,45,16,23.6563,77.52426,7.294219,74.898499,cotton
120,48,16,22.460545,75.409892,7.456972,71.854361,cotton
126,37,21,25.849973,84.168552,6.614486,77.034212,cotton
117,43,25,24.688548,78.51207,7.839849,69.311536,cotton
117,51,15,22.953572,78.715558,6.044557,99.753362,cotton
118,44,23,22.084583,82.829041,6.69169,67.064598,cotton
100,52,19,23.459691,82.447775,7.903529,93.501536,cotton
116,56,17,24.712525,77.729311,7.97909,85.249633,cotton
108,60,17,22.758057,76.757684,6.558903,97.766006,cotton
121,53,19,23.513087,76.726214,7.976889,80.112721,cotton
106,49,24,23.038879,76.470398,6.983396,90.647707,cotton
126,46,25,24.438474,81.698017,6.757458,60.796459,cotton
140,45,15,25.530827,80.046628,5.801048,99.395572,cotton
105,56,15,25.967797,81.979043,7.272316,74.14169,cotton
112,54,15,25.462288,81.566419,6.175492,76.885825,cotton
134,56,18,23.808346,83.919026,6.691268,70.973583,cotton
129,43,16,25.55037,77.850556,6.732109,78.584885,cotton
136,36,20,23.095956,84.862757,6.925412,71.295811,cotton
107,58,15,23.73868,75.775038,7.556064,76.636692,cotton
108,38,24,23.410225,76.43837,7.442217,78.821996,cotton
121,36,24,23.664573,81.691051,7.352402,99.368984,cotton
117,56,15,25.992374,77.054355,7.368258,89.118821,cotton
123,39,24,25.007551,78.179521,7.453106,86.064119,cotton
100,46,18,24.185862,76.04204,6.43169,69.080567,cotton
135,43,16,23.479869,81.730491,6.72045,86.762879,cotton
131,35,18,24.491126,82.244158,7.057693,64.029494,cotton
111,40,25,24.484692,84.44932,6.187456,90.943425,cotton
102,49,21,24.693155,84.844225,6.253344,89.799462,cotton
140,38,15,24.147295,75.882986,6.02144,69.915635,cotton
122,59,18,23.500099,83.63489,6.219469,79.813282,cotton
107,45,25,23.086593,83.555461,7.227746,71.840807,cotton
129,60,22,24.584531,79.124042,5.947449,71.946081,cotton
121,47,16,23.60564,79.295731,7.72324,72.498009,cotton
121,45,22,22.459429,81.30681,6.443785,64.230266,cotton
113,41,20,25.001719,80.539658,7.256878,96.32601,cotton
126,50,19,24.694571,81.735888,6.628723,78.584944,cotton
126,38,23,25.362438,83.632761,6.176716,88.436189,cotton
133,47,23,24.887381,75.621372,6.827355,89.760504,cotton
104,47,18,23.965635,76.976967,7.633437,90.756167,cotton
110,39,18,24.547953,75.397527,7.76626,63.880799,cotton
133,47,24,24.402289,79.19732,7.231325,90.802236,cotton
101,58,18,25.668914,81.381033,6.652144,78.595958,cotton
107,42,24,22.046129,84.629783,6.144632,86.007587,cotton
100,41,22,22.420475,84.557947,7.318802,93.465956,cotton
125,39,21,25.031496,82.212766,7.954629,95.019132,cotton
131,38,19,23.86814,75.683397,6.814342,90.454718,cotton
110,39,25,22.606121,77.34264,7.208795,75.136172,cotton
127,37,18,24.876637,76.300504,7.041066,91.922347,cotton
133,50,25,25.7218,81.196662,7.569455,99.931008,cotton
103,42,17,24.294702,84.615276,6.527542,81.059023,cotton
132,41,22,24.291449,81.024534,7.810866,90.416946,cotton
108,46,17,24.3018,84.87669,6.932215,65.024787,cotton
122,48,16,24.654258,75.635071,6.307586,61.829801,cotton
111,53,19,23.96436,78.027631,6.419537,84.631489,cotton
111,41,18,23.643284,78.125867,6.105398,80.961573,cotton
122,40,17,24.964408,81.316776,6.854559,80.039958,cotton
113,38,25,22.000851,79.47271,7.388266,90.422242,cotton
131,52,16,23.657241,84.476015,6.486068,88.544791,cotton
113,37,20,25.033002,79.043687,7.393441,97.10087,cotton
125,60,17,24.143862,84.515913,6.785724,80.36147,cotton
107,51,22,24.865608,78.220808,5.983076,79.568663,cotton
118,45,23,23.370444,77.431989,7.977651,71.678707,cotton
108,36,19,22.782496,77.51235,7.238567,64.614442,cotton
139,35,15,25.248679,83.463015,5.898293,86.555178,cotton
131,49,22,25.498482,79.975158,7.306919,67.059619,cotton
102,46,19,22.770764,82.599331,6.631005,81.495434,cotton
105,60,23,23.533714,77.217056,6.207652,87.540049,cotton
115,48,16,25.543597,84.092298,7.175935,88.942455,cotton
39,138,203,21.193393,82.330983,6.399434,74.628349,grapes
8,136,201,41.65603,82.221182,5.609256,74.196648,grapes
37,124,195,18.706791,83.479529,6.209928,66.596449,grapes
24,140,205,12.087022,83.593987,5.932029,68.668134,grapes
13,132,203,23.601154,82.48337,6.423217,73.239018,grapes
5,126,197,12.800004,81.208764,6.417501,67.104394,grapes
30,120,200,38.060995,82.247296,6.234904,65.701482,grapes
23,142,197,39.065555,82.03813,6.000574,69.307729,grapes
26,135,203,33.783729,81.163143,5.685103,74.535573,grapes
7,126,203,16.762017,82.003356,5.66214,73.287128,grapes
32,139,198,35.893075,82.668507,6.358187,66.539466,grapes
9,141,202,21.012454,81.179319,6.119495,66.384483,grapes
20,142,196,10.898759,80.016394,6.207601,68.694204,grapes
32,129,201,16.362519,83.004716,6.487546,71.556655,grapes
3,134,199,20.283702,81.322357,5.817178,71.066112,grapes
38,138,204,25.111085,83.254476,6.32548,73.010268,grapes
14,131,198,33.464116,83.86743,5.562791,67.922043,grapes
20,122,204,11.797647,80.863254,6.48737,65.069625,grapes
40,126,201,11.363009,80.031,6.116983,71.182894,grapes
36,128,204,25.235423,80.687005,5.695793,67.038409,grapes
11,132,197,15.990507,81.239666,5.734317,74.401989,grapes
0,137,195,22.435902,80.186121,6.3295,65.397317,grapes
19,123,200,34.760861,81.035448,6.167014,65.7043,grapes
31,136,197,31.110473,83.34011,5.653776,71.430016,grapes
35,134,204,9.949929,82.55139,5.841138,66.008176,grapes
4,134,200,28.578288,80.95629,5.840256,73.342321,grapes
25,121,201,30.507348,82.717756,5.594241,70.082004,grapes
38,132,197,20.420948,81.54185,5.931102,66.930657,grapes
24,130,195,29.996772,81.541566,6.112306,67.125345,grapes
13,144,204,30.72804,82.426141,6.092242,68.381355,grapes
22,123,205,32.445778,83.885049,5.896343,68.739325,grapes
36,125,196,37.465668,80.659687,6.155261,66.838723,grapes
24,131,196,22.032962,83.743728,5.732454,65.344408,grapes
2,123,198,39.648519,82.210799,6.253035,70.399061,grapes
35,140,197,16.775573,82.752419,6.106191,66.762855,grapes
11,122,195,12.141907,83.568125,5.647202,69.63122,grapes
6,123,203,12.756796,81.624974,6.13031,66.778446,grapes
17,134,204,39.04072,80.183933,6.499605,73.88467,grapes
25,130,197,39.707722,82.685935,5.554832,74.915062,grapes
27,145,205,9.46796,82.293355,5.800243,66.027652,grapes
9,122,201,29.587484,80.919344,5.570291,68.064173,grapes
16,139,203,17.828037,80.960934,6.275641,65.847488,grapes
32,141,204,8.825675,82.897537,5.536646,67.235765,grapes
22,138,195,27.834871,83.51445,6.208197,73.028828,grapes
31,144,202,11.021054,80.555572,5.870601,68.239632,grapes
3,136,205,17.586294,80.848066,6.334771,71.406545,grapes
28,122,197,19.893639,82.733664,5.856575,69.662568,grapes
4,136,204,29.937076,81.777135,5.898944,65.522793,grapes
39,145,201,36.731266,80.589319,5.7756,72.242308,grapes
36,133,198,25.519397,83.983517,6.228645,69.172812,grapes
39,139,201,41.186649,81.017834,5.539981,68.688959,grapes
15,125,199,18.426994,80.556259,5.56923,69.757343,grapes
32,120,204,10.380048,83.445181,6.138959,67.391738,grapes
16,130,201,29.120338,82.790929,5.682395,68.850305,grapes
39,129,203,34.389225,83.183928,5.863997,71.030016,grapes
38,135,203,41.361063,82.79783,6.444373,69.921075,grapes
33,120,205,35.121583,82.268908,5.550832,69.715185,grapes
35,125,204,19.649177,80.152158,6.107742,73.695296,grapes
1,132,200,16.278528,82.942701,5.620746,66.574628,grapes
39,140,203,21.119036,80.633992,6.349876,69.277798,grapes
28,145,202,19.207771,82.904284,6.484323,66.831137,grapes
6,139,199,25.67385,81.621214,6.290998,74.109194,grapes
29,122,196,41.948657,81.155952,5.638328,73.06863,grapes
37,144,197,11.189943,80.80843,6.415556,66.342349,grapes
38,120,197,17.54383,82.947033,6.323723,73.770637,grapes
38,141,198,13.058097,80.28298,5.75701,70.756336,grapes
14,121,203,9.724458,83.747656,6.158689,74.464111,grapes
6,125,204,27.920049,82.932624,5.73354,69.920928,grapes
32,138,197,9.535586,80.731127,5.908724,69.441152,grapes
11,124,204,13.429886,80.06634,6.361141,71.40043,grapes
23,138,200,9.851243,80.226317,5.965379,68.428024,grapes
40,143,201,24.972561,82.728287,6.476758,66.700163,grapes
6,142,202,27.237083,82.945733,6.224543,70.425089,grapes
8,127,196,27.027661,83.170939,5.833302,70.95666,grapes
25,129,195,17.986678,81.177121,5.777271,72.371277,grapes
16,145,199,26.916248,80.768389,5.953966,69.309272,grapes
6,128,200,25.963084,82.578136,5.838748,70.317826,grapes
8,133,195,20.466578,80.97598,6.45608,71.298139,grapes
12,142,203,31.311598,82.56407,5.972851,65.010953,grapes
35,135,199,21.774667,80.549426,6.40072,69.396304,grapes
8,139,199,29.369477,81.539964,6.336427,66.134428,grapes
21,134,202,10.723025,80.021306,6.42542,65.298211,grapes
40,140,195,14.97847,80.499799,6.294396,71.634374,grapes
39,127,202,15.324665,81.67216,6.477768,71.60103,grapes
19,120,195,18.739322,81.121092,5.931538,73.55808,grapes
17,136,195,41.207336,81.61051,6.389783,65.902275,grapes
33,139,203,33.342145,82.510346,5.693287,70.680986,grapes
22,133,201,23.819957,80.122116,6.002996,67.273986,grapes
32,130,196,40.660123,81.24996,6.37296,74.030301,grapes
21,139,201,19.364255,83.36094,5.980599,67.150947,grapes
8,120,196,24.066794,82.663967,6.053663,69.818558,grapes
15,140,195,13.285043,83.541938,5.699453,65.80006,grapes
39,132,196,35.830891,83.325601,5.778594,73.679849,grapes
40,121,199,26.181597,81.038863,6.315586,66.059117,grapes
40,132,202,24.575584,80.706958,5.971813,69.706113,grapes
29,142,203,29.672291,83.71499,5.891196,66.484904,grapes
32,121,199,39.371026,81.253539,6.129813,74.081017,grapes
6,140,205,17.665584,82.929034,6.313086,69.867126,grapes
37,135,205,11.827682,80.282718,5.510925,74.102251,grapes
34,133,202,15.314135,80.097114,5.804799,74.821447,grapes
64,35,23,23.020383,61.89472,5.680361,63.038434,maize
84,57,25,22.535105,67.992575,6.48904,64.40866,maize
63,43,19,18.518168,55.531281,6.641906,90.988051,maize
87,35,25,21.445269,63.162155,6.178056,65.889512,maize
94,39,18,23.891146,57.487758,5.893093,102.830194,maize
78,48,22,23.089749,63.104596,5.588651,70.434736,maize
75,49,15,21.535741,71.50906,5.918264,102.485293,maize
60,46,22,24.893646,65.614188,6.625404,87.929808,maize
87,54,20,25.617074,63.471176,6.576418,108.830376,maize
98,44,21,25.771751,74.089114,6.524478,107.493192,maize
61,60,15,24.875028,68.742483,6.265564,91.260567,maize
86,55,21,21.541562,59.640242,6.803932,109.751538,maize
98,35,18,23.797461,74.829137,6.252798,91.763372,maize
76,57,18,18.980273,74.526008,6.092726,94.262494,maize
99,56,17,24.108592,73.131123,6.23433,71.075622,maize
60,44,23,24.794708,70.045567,5.72258,76.728601,maize
74,48,17,21.631628,60.277664,6.430616,69.218031,maize
89,60,17,25.375488,57.210256,5.983953,101.700431,maize
69,51,23,22.217382,72.854628,6.801639,106.621316,maize
96,46,22,20.58314,69.001286,6.499936,66.293904,maize
79,51,16,25.337977,68.49836,6.586245,96.463802,maize
75,56,18,19.398517,62.357506,5.696205,60.951975,maize
100,48,16,25.718958,67.221907,5.549902,74.514908,maize
71,54,16,22.6136,63.690706,5.749914,87.759539,maize
74,56,22,18.283622,66.659528,6.829199,80.975733,maize
74,58,18,20.037282,56.356068,6.727303,109.024141,maize
61,44,17,26.100184,71.574769,6.931757,102.266244,maize
80,43,16,23.558821,71.593514,6.657965,66.719955,maize
73,58,21,19.97216,57.682729,6.596061,60.651715,maize
61,38,20,18.478913,62.695039,5.970458,65.438354,maize
68,41,16,21.776893,57.808406,6.158831,102.086169,maize
93,41,17,25.621717,66.504155,6.047907,105.46547,maize
89,60,19,25.191924,66.69029,5.913665,78.066396,maize
76,44,17,20.416831,62.554248,5.855442,65.277985,maize
67,60,25,24.921622,66.786274,5.750255,109.216228,maize
83,45,21,18.833445,58.75082,5.716223,79.75329,maize
70,44,19,23.316891,73.454154,5.852607,94.297128,maize
62,52,16,22.275267,58.840159,6.967058,63.870206,maize
92,44,16,18.877514,65.768161,6.082974,94.761894,maize
66,54,21,25.190087,60.200169,5.919046,72.123756,maize
63,58,22,18.254054,55.282204,6.204748,63.723582,maize
70,47,17,24.612912,70.416244,6.600827,104.162615,maize
61,41,17,25.142061,65.261851,6.021902,76.68456,maize
66,53,19,23.093481,60.115938,6.03355,65.497307,maize
74,55,19,18.050337,62.89367,6.288868,84.236135,maize
77,57,21,24.932158,73.804353,6.550564,79.740787,maize
99,50,15,18.147101,71.094453,5.573286,88.077537,maize
90,49,21,24.840167,68.358457,6.472523,74.054749,maize
74,43,23,25.952633,61.890822,6.325235,99.579812,maize
83,58,23,19.742133,59.662631,6.381202,65.508614,maize
99,36,20,20.579819,65.345839,6.671086,78.346045,maize
81,49,20,18.041855,60.614943,5.513698,104.232162,maize
63,42,21,23.262376,72.331255,5.798424,67.102251,maize
99,38,21,22.883309,71.597224,6.352472,67.727773,maize
90,52,25,25.974824,69.363857,6.822587,103.223421,maize
68,40,19,26.14384,66.205699,6.655426,107.236137,maize
60,57,24,18.661162,61.553272,6.121294,75.032477,maize
71,52,18,25.107874,55.977328,5.79077,78.160777,maize
61,59,17,23.338446,59.245806,6.474443,105.008314,maize
63,43,17,19.288899,65.470508,6.807488,71.319531,maize
65,60,22,25.367684,72.520546,6.606984,107.912411,maize
74,39,23,22.626512,65.774729,6.780736,88.17251,maize
78,37,22,25.342171,63.31802,6.330554,74.52082,maize
92,60,23,18.667467,71.516474,5.721667,69.932933,maize
79,59,17,20.379997,63.7385,6.644205,108.505442,maize
91,55,15,18.093002,72.610242,6.376651,78.961595,maize
76,51,18,26.169859,71.962466,6.24704,79.849254,maize
87,48,25,18.653967,61.378797,6.65673,93.620392,maize
71,60,22,26.074701,59.371476,6.204802,85.756924,maize
90,57,24,18.928519,72.800861,6.15886,82.341629,maize
67,35,22,23.305468,63.24648,6.385684,108.7603,maize
60,54,19,18.748267,62.498785,6.41782,70.234016,maize
83,57,19,25.730444,70.747393,6.877869,98.737713,maize
78,58,15,25.009334,67.816568,6.528631,62.913595,maize
77,52,17,24.863749,65.742005,5.7148,75.822705,maize
88,38,15,25.082397,65.921958,6.455117,62.491908,maize
94,50,19,23.303553,73.625484,5.873242,97.590813,maize
77,36,23,24.714175,56.734265,6.648725,88.453619,maize
76,39,24,24.254745,55.647099,6.995844,64.238455,maize
87,60,23,20.273171,63.912819,6.439072,62.503519,maize
60,38,17,18.41933,64.235803,6.474477,76.413124,maize
94,54,17,23.391282,61.744272,5.871648,107.319814,maize
95,38,22,19.849394,61.245001,5.730617,100.768925,maize
84,44,21,21.869274,61.910449,5.85044,107.268193,maize
66,44,20,19.078147,69.022986,6.740001,80.725159,maize
63,35,16,22.02721,65.355499,6.272418,83.732801,maize
79,45,20,23.805462,59.24538,5.715209,89.962201,maize
72,60,25,18.525108,69.027623,5.773455,88.102344,maize
77,58,19,22.805603,56.507689,5.79165,101.595279,maize
86,36,24,26.549864,72.891873,5.787268,73.336361,maize
67,51,24,23.502979,61.320261,5.584171,64.777914,maize
62,48,20,21.701814,60.474705,6.708447,95.713885,maize
99,39,18,19.201294,68.30579,6.112751,87.850924,maize
96,54,22,25.701967,61.334504,6.960358,83.207113,maize
71,35,24,22.273736,59.521932,5.826427,67.967048,maize
86,37,16,20.517168,59.212355,5.561511,67.610137,maize
81,45,23,19.326661,68.034493,6.19236,84.229692,maize
75,53,18,20.688999,59.437534,6.864794,103.651438,maize
76,48,18,19.295634,69.634812,5.775978,83.210306,maize
73,45,21,24.605322,73.588685,6.636803,96.591953,maize
3,18,31,31.653334,48.206627,6.392314,91.097456,mango
26,24,34,31.27181,52.238102,6.811291,89.74409,mango
9,38,25,34.585615,50.340353,5.497947,100.306072,mango
20,30,27,27.810056,51.594455,4.749104,95.898986,mango
9,21,32,32.269353,53.560928,5.870116,95.940354,mango
18,20,26,31.665247,51.985946,5.435841,89.980243,mango
14,29,32,35.636273,48.970478,6.94252,97.51952,mango
33,31,34,31.329956,50.222876,5.421265,89.782162,mango
8,38,32,29.751508,46.737233,4.981817,91.405983,mango
15,36,27,27.789125,53.968867,5.64371,91.01153,mango
36,26,26,30.172941,51.08459,6.81463,95.234443,mango
2,24,34,28.894094,54.807502,6.472775,94.76323,mango
1,35,34,30.793757,46.695368,6.273398,92.213186,mango
23,24,32,28.121809,46.168886,5.63062,93.302474,mango
22,28,26,27.672562,45.41692,4.947683,92.849915,mango
29,35,28,28.347161,53.539031,6.967418,90.402604,mango
11,34,32,29.14305,49.409833,6.831707,97.551555,mango
22,17,26,28.698181,47.718757,4.754435,99.642454,mango
26,18,30,32.060972,51.084942,6.336235,96.598165,mango
24,33,35,29.263829,54.822579,5.342866,100.758623,mango
39,37,25,33.330248,45.611436,6.953247,98.28583,mango
31,36,29,33.936799,52.721703,6.460543,97.461192,mango
31,20,30,32.17752,54.013527,6.207496,91.887661,mango
40,16,35,31.893563,49.024501,6.484152,89.593715,mango
23,23,30,32.821411,47.455538,4.755274,90.891731,mango
22,18,33,30.412358,52.481006,6.621624,93.923759,mango
21,21,30,27.698193,51.415932,5.403908,100.77207,mango
19,38,26,31.484517,48.779263,4.525722,93.17222,mango
40,24,25,28.705952,50.440301,5.445008,95.894644,mango
39,16,27,35.53845,52.946419,4.934965,91.545604,mango
8,37,33,28.078027,54.964053,6.128168,97.453736,mango
29,34,26,33.880048,54.39416,6.273954,89.291476,mango
7,31,27,31.328637,47.593196,6.524114,94.673447,mango
28,23,28,30.018213,50.098318,5.676033,96.087451,mango
22,18,31,30.764552,47.937915,5.956027,90.385035,mango
22,38,31,31.533564,53.060093,5.821106,98.57025,mango
27,21,30,35.391546,52.488231,5.061082,91.228811,mango
26,35,31,33.446199,53.059805,5.339557,98.050894,mango
0,36,26,34.130722,51.257862,5.101206,96.38808,mango
7,28,35,30.020862,46.783938,4.669108,96.63721,mango
12,27,26,29.093823,45.566106,5.323072,96.2352,mango
2,36,31,30.902252,49.959555,5.731719,91.775226,mango
1,29,29,27.329614,49.303472,6.052026,93.531974,mango
0,17,30,35.474783,47.972305,6.279134,97.790725,mango
28,27,34,32.454653,50.696938,6.526654,95.048716,mango
14,18,35,31.091542,47.020584,4.791147,91.466643,mango
37,36,27,27.552974,47.908591,5.910635,90.403327,mango
8,33,29,29.980805,49.486133,6.442393,91.822716,mango
37,36,26,32.893002,52.61324,4.650536,94.491614,mango
28,37,28,32.134097,50.525591,6.09787,98.633337,mango
30,17,31,31.204782,54.499605,6.804437,94.629547,mango
36,25,33,27.983928,53.330189,5.548585,99.614657,mango
4,20,25,28.932702,47.94054,5.664587,99.983424,mango
40,16,35,34.164389,54.164823,4.95474,98.333511,mango
14,18,30,29.807472,52.137979,5.191265,95.746061,mango
26,37,30,35.399863,49.459626,6.166174,97.41054,mango
37,38,32,31.857449,45.531063,5.417341,91.558458,mango
3,28,33,30.337239,48.887048,5.75505,94.428505,mango
12,19,31,27.253734,52.663197,5.566704,91.873125,mango
11,27,30,27.696378,48.562249,6.394743,89.856465,mango
37,30,34,27.539075,53.635495,6.797779,99.354082,mango
23,23,27,34.724132,51.427178,5.161149,97.312581,mango
18,19,27,27.755187,52.346058,4.772386,94.112133,mango
30,28,30,31.866414,52.193316,5.064613,98.467686,mango
11,36,33,35.990097,52.227805,5.978634,95.371348,mango
18,17,31,31.745921,45.161279,5.667508,93.754416,mango
19,21,34,30.015926,53.192124,5.074273,97.728432,mango
20,19,35,34.177198,50.621616,6.113935,98.00688,mango
0,21,32,35.898556,54.259642,6.430139,92.197217,mango
25,22,25,33.561502,45.535566,5.977414,95.705259,mango
38,15,30,28.91862,48.139745,5.075505,97.013316,mango
12,37,30,31.097791,47.411967,4.546466,90.286243,mango
38,19,31,34.738239,49.088643,5.855119,90.650222,mango
18,26,31,32.611261,47.749165,5.418475,91.101908,mango
5,19,25,27.351106,54.439451,6.441328,96.277925,mango
38,15,27,33.746269,48.503876,6.777788,92.264392,mango
7,17,26,34.892267,48.756134,6.414527,91.630745,mango
36,19,32,27.107108,50.70881,4.94295,92.372389,mango
34,34,35,27.274332,47.168081,6.422711,95.257992,mango
31,29,26,28.223734,47.405191,5.024125,97.768323,mango
5,32,33,32.323622,52.589677,5.842764,93.367188,mango
34,38,31,35.377756,45.5811,6.454045,97.415864,mango
26,32,32,30.914715,49.929639,6.810186,90.140478,mango
2,38,33,32.386975,53.232824,4.691396,90.216332,mango
21,31,32,35.385987,51.426642,5.254532,90.296439,mango
9,29,34,29.384716,45.887447,5.727423,100.812466,mango
35,18,26,31.994905,50.848813,5.279389,97.387415,mango
16,35,31,32.27652,50.193688,5.316876,95.994871,mango
1,30,29,28.333333,51.395865,6.434198,91.672418,mango
5,16,31,35.960546,48.696778,4.555689,98.006442,mango
12,34,28,33.361401,45.022364,6.135269,98.815965,mango
12,31,26,35.787774,51.941903,5.395276,100.216062,mango
33,29,34,31.409488,49.217291,6.83298,92.997394,mango
11,36,31,27.920633,51.779659,6.475449,100.258567,mango
34,16,25,30.072026,50.960405,6.107296,92.096098,mango
15,27,28,33.803987,46.128661,4.507524,90.825492,mango
4,40,26,27.582589,48.569162,6.720042,95.844564,mango
2,40,27,29.7377,47.548852,5.954627,90.095869,mango
21,26,27,27.003155,47.675254,5.699587,95.851183,mango
39,24,31,33.556956,53.729798,4.757115,98.675276,mango
31,26,9,11.698946,93.256389,7.566166,103.200599,orange
30,7,15,33.234533,91.060539,7.825532,115.76599,orange
21,29,12,22.30319,92.15987,6.438669,117.36881,orange
11,14,5,11.503229,94.893318,6.946355,115.568378,orange
9,8,15,14.343205,94.357347,7.994465,110.222312,orange
5,18,14,33.105698,93.484475,7.434119,119.170911,orange
29,25,14,30.491838,90.458286,7.781989,113.33021,orange
33,12,15,30.25578,92.032728,6.052318,116.717312,orange
8,16,6,12.228162,90.264574,7.10665,108.416171,orange
15,14,8,10.010813,90.223992,6.220943,119.394106,orange
16,7,8,22.791968,90.609019,6.420457,116.508407,orange
0,12,7,20.184323,90.654585,6.96925,116.813097,orange
5,25,6,30.721199,94.01332,6.011302,106.811802,orange
6,8,11,24.355909,92.396517,6.600949,119.694658,orange
10,5,5,21.21307,91.353492,7.817846,112.983436,orange
1,17,6,10.786898,91.384119,6.819827,117.529345,orange
1,30,10,11.899257,91.346638,7.291406,103.577147,orange
0,23,15,22.566642,93.374889,7.598729,109.858575,orange
24,27,9,18.868832,93.246881,6.157135,119.393698,orange
36,11,13,17.340837,93.048972,7.191727,112.719428,orange
40,21,8,34.906653,92.878201,7.418762,102.190633,orange
40,22,6,24.536101,91.909972,6.488221,115.978799,orange
33,14,8,21.032001,92.964197,7.68442,110.682394,orange
4,23,5,22.675945,93.363487,7.477935,110.333266,orange
8,7,10,28.262049,91.983174,6.929216,105.213226,orange
0,25,14,19.335168,91.979789,6.361671,116.450422,orange
22,30,12,15.781442,92.510777,6.354007,119.035002,orange
37,6,13,26.030973,91.508193,7.511755,101.284774,orange
27,13,6,13.360506,91.356082,7.335158,111.226688,orange
7,16,9,18.879577,92.043045,7.813917,114.665951,orange
20,7,9,29.477417,91.578029,7.129137,111.17275,orange
26,27,10,28.069032,92.914873,6.079998,114.133942,orange
5,23,15,25.669011,92.046708,7.408939,112.54242,orange
0,18,14,29.771494,92.0072,7.207991,114.416179,orange
39,24,14,30.554726,90.903438,7.18926,106.071198,orange
13,23,6,23.961476,90.26408,7.365338,102.69587,orange
21,17,15,23.982896,91.547314,7.455991,118.49017,orange
33,12,8,25.260527,90.311537,6.822282,117.36953,orange
6,9,12,31.083689,90.143626,7.028746,109.689466,orange
19,7,10,14.78003,91.220621,6.11843,100.196176,orange
24,18,6,26.566083,94.452397,6.285313,116.379652,orange
9,11,8,24.859034,94.390005,6.559237,111.780373,orange
31,8,7,34.514651,93.638127,7.163246,103.568493,orange
22,17,5,24.121887,90.723516,6.945563,102.835632,orange
13,5,8,23.853404,90.105225,7.474711,103.923226,orange
16,8,9,24.602975,91.284087,7.60119,111.294812,orange
4,13,6,15.63211,94.259662,7.561143,101.47057,orange
32,18,13,13.837728,91.747805,6.044167,107.987322,orange
40,17,15,21.350934,90.949297,7.871063,107.08621,orange
9,10,10,22.355105,93.522119,6.010392,101.516459,orange
15,9,11,11.547857,94.14861,7.907956,108.828917,orange
37,18,12,10.270888,90.191477,7.401122,106.69552,orange
26,15,6,17.220345,94.787974,6.912033,108.005434,orange
13,22,5,19.667056,90.500967,7.76404,100.173796,orange
32,25,9,10.356096,93.75652,7.796034,101.145695,orange
19,7,9,27.255435,91.713694,6.969883,101.139435,orange
28,7,9,34.591785,92.132298,6.730758,115.565029,orange
24,30,11,32.39524,94.517685,6.601396,113.25373,orange
7,17,10,10.164313,91.22321,6.465913,106.362551,orange
18,23,8,21.491187,93.439497,6.413548,101.481989,orange
7,20,12,16.534604,94.7676,6.475275,110.04479,orange
20,23,11,31.852069,90.122203,6.407716,109.945506,orange
18,14,11,28.047995,90.006217,6.550814,117.13115,orange
34,11,10,31.750489,94.595512,7.362208,115.19893,orange
20,29,10,29.074127,93.271891,7.365492,100.789687,orange
37,24,13,19.143819,90.710375,7.854624,108.023079,orange
12,8,10,16.148203,91.444803,7.995849,107.428766,orange
34,10,14,34.052969,92.058117,6.725601,116.802085,orange
6,13,9,34.51424,90.561515,7.786725,118.327197,orange
27,30,5,32.717485,90.546083,7.656978,113.328978,orange
13,8,12,25.162966,92.54736,7.105905,114.31172,orange
6,7,7,27.681673,94.473169,7.199106,113.999515,orange
14,19,14,17.684088,94.358154,6.699165,108.063817,orange
25,21,11,32.237978,90.154068,6.460045,104.705225,orange
5,8,5,11.033679,92.227068,6.562595,112.771592,orange
20,20,10,11.866319,93.683946,6.976998,106.060149,orange
29,11,5,23.133388,91.946703,7.639788,104.422414,orange
1,15,9,29.983647,94.552397,7.533509,115.356032,orange
18,5,11,20.879474,90.937562,6.251587,102.455079,orange
14,22,9,17.249446,91.137728,6.543192,112.509052,orange
33,15,7,15.833887,91.682939,7.651225,109.757142,orange
4,6,7,23.010143,91.117642,6.70889,112.67383,orange
17,16,14,16.396243,92.181519,6.625539,102.944161,orange
12,20,10,24.451328,93.105277,6.528355,109.47111,orange
34,29,8,31.878592,91.152481,6.45064,105.343782,orange
39,28,10,31.349201,91.482476,7.181908,109.154982,orange
13,16,8,34.740049,93.12317,6.949839,100.196785,orange
31,25,12,18.051424,90.039696,7.016482,111.779389,orange
12,29,13,22.456169,91.527818,7.571254,118.00693,orange
26,11,11,13.703192,90.955894,7.609348,106.294488,orange
19,24,15,20.489545,93.724851,7.137137,111.839195,orange
39,21,9,13.208444,94.027694,6.354023,106.269616,orange
16,29,13,32.319444,93.678046,6.196908,117.623647,orange
36,29,13,20.681852,90.915105,7.829507,109.751393,orange
37,23,12,31.52676,90.506218,6.395258,113.11694,orange
39,9,15,25.354676,91.811832,7.992042,116.755594,orange
31,5,14,17.665454,91.698659,6.583412,110.685751,orange
18,12,8,12.59094,91.816688,6.206053,119.391672,orange
12,6,8,30.84835,92.867737,6.388617,107.414268,orange
20,8,12,25.299043,94.964199,7.260416,117.973342,orange
90,42,43,20.879744,82.002744,6.502985,202.935536,rice
78,35,44,26.543481,84.673536,7.072656,183.622266,rice
67,45,38,22.72791,82.170688,7.300411,260.887506,rice
61,52,41,24.976695,83.891805,6.880431,204.800185,rice
91,56,37,23.431916,80.568878,6.363472,269.503916,rice
69,46,41,23.641248,80.285979,5.01214,263.11033,rice
86,59,35,25.787206,82.11124,6.946636,243.512041,rice
99,54,37,21.143475,80.335029,5.59482,198.673094,rice
99,41,36,24.458021,82.748356,6.738652,182.561632,rice
76,47,42,20.083696,83.291147,5.739175,263.637218,rice
70,36,42,21.841069,80.728864,6.94621,202.383832,rice
93,58,38,20.615214,83.773456,6.9324,279.545172,rice
83,58,45,25.755286,83.518271,5.875346,245.66268,rice
72,40,38,20.41447,82.208026,7.592491,245.15113,rice
99,55,35,21.723831,80.23899,6.501698,277.962619,rice
71,46,40,20.280194,82.123542,7.236705,191.953574,rice
91,36,45,24.443455,82.454326,5.950648,267.976195,rice
74,54,38,25.655535,83.470211,7.120273,217.378858,rice
75,38,39,23.446768,84.793524,6.21511,283.933847,rice
95,52,36,26.229169,83.836258,5.54336,286.508372,rice
65,60,43,21.971994,81.899182,5.658169,227.363701,rice
93,56,42,23.85724,82.22573,7.382763,195.094831,rice
76,60,39,20.045414,80.347756,6.76624,208.581016,rice
79,42,37,24.873007,82.840226,6.587919,295.609449,rice
60,36,43,23.431219,83.063101,5.286204,219.904835,rice
78,43,42,21.323763,83.003205,7.283737,192.319754,rice
97,36,45,22.228698,81.858729,6.939084,278.079179,rice
93,47,37,21.533463,82.140041,6.500343,295.92488,rice
88,46,42,22.683191,83.463583,6.604993,194.265172,rice
60,51,36,22.696578,82.810889,6.028322,256.996476,rice
78,40,38,26.464283,83.856427,7.549874,248.225649,rice
81,45,35,26.528728,80.122675,6.158377,218.916357,rice
90,44,38,23.835095,83.883871,7.473134,241.201351,rice
93,53,38,26.929951,81.914112,7.069172,290.679378,rice
91,50,40,20.824771,84.134188,6.462392,230.224222,rice
81,53,42,23.675754,81.035693,5.177823,233.703498,rice
84,50,44,25.48592,81.406335,5.935344,182.654936,rice
82,43,38,23.286172,81.433216,5.105588,242.317063,rice
66,60,38,22.085766,83.470383,6.372576,231.736496,rice
67,58,39,25.282722,80.543728,5.453592,220.115671,rice
67,43,39,26.04372,84.969072,5.999969,186.753677,rice
61,53,43,26.403232,81.056355,6.349606,223.367188,rice
72,45,35,25.429775,82.946826,5.758506,195.357454,rice
68,57,43,26.088679,80.379799,5.706943,182.90435,rice
81,41,38,22.678461,83.728744,7.52408,200.913316,rice
77,36,37,26.884449,81.460337,6.136132,194.576656,rice
73,35,38,24.889212,81.979271,5.005307,185.946143,rice
67,47,44,26.730724,81.785968,7.868475,280.404439,rice
75,54,36,26.294655,84.569193,7.023936,257.491491,rice
60,55,45,21.408658,83.329319,5.935745,287.576694,rice
88,55,45,24.635449,80.41363,7.730368,253.720278,rice
74,39,38,23.241135,84.592018,7.782051,233.045346,rice
76,40,43,25.157455,83.117135,5.070176,231.384316,rice
89,45,36,21.325042,80.474764,6.442475,185.497473,rice
88,35,40,23.579436,83.587603,5.853932,291.298662,rice
77,38,36,21.865252,80.192301,5.953933,224.555017,rice
91,35,39,23.79392,80.41818,6.97086,206.261186,rice
85,38,41,21.587118,82.788371,6.249051,276.655246,rice
60,48,39,24.282094,80.300256,7.042299,231.086335,rice
94,50,37,25.665852,80.66385,6.94802,209.586971,rice
93,56,36,24.014976,82.056872,6.984354,185.277339,rice
78,58,44,26.800796,80.886848,5.108682,284.436457,rice
90,46,42,23.978982,81.450616,7.502834,250.083234,rice
91,53,40,26.527235,81.417538,5.386168,264.61487,rice
68,58,38,23.223974,83.033227,6.336254,221.209196,rice
89,54,38,24.515881,83.535216,6.685346,230.446236,rice
94,53,40,20.277744,82.894086,5.718627,241.974195,rice
69,55,38,22.708838,82.639414,5.700806,271.32486,rice
69,37,42,23.058049,83.370118,7.073454,251.055,rice
78,42,42,20.130175,81.604873,7.628473,262.71734,rice
74,35,40,26.491096,80.158363,6.980401,242.864034,rice
60,55,44,23.004459,82.320763,7.840207,263.964248,rice
85,58,41,21.770462,80.319644,7.038096,226.655537,rice
67,59,41,21.947667,80.973842,6.012633,213.356092,rice
79,43,39,21.666283,80.709606,7.062779,210.814209,rice
83,41,43,21.052536,82.678395,6.254028,233.107582,rice
66,53,41,25.075635,80.523891,7.778915,257.003887,rice
76,49,42,24.958779,84.479634,5.206373,196.956001,rice
91,35,38,24.897282,80.525861,6.134287,183.679321,rice
85,52,45,26.313555,82.36699,7.224286,265.535594,rice
82,40,40,23.830675,84.813601,6.271479,298.560118,rice
83,60,36,25.597049,80.145093,6.903986,200.834898,rice
64,45,43,25.629801,83.528423,5.534878,209.900198,rice
62,42,36,22.781338,82.067191,6.43001,248.718323,rice
63,44,41,24.172988,83.728757,5.58337,257.034355,rice
60,43,44,21.019447,82.952217,7.416245,298.401847,rice
95,39,36,23.863305,83.152508,5.561399,285.249364,rice
99,57,35,26.757542,81.17734,5.96037,272.299906,rice
95,55,42,26.795339,82.148087,5.950661,193.347399,rice
88,54,44,25.735429,83.882662,6.149411,233.132137,rice
98,53,38,20.267076,81.638952,5.014507,270.441727,rice
85,37,39,24.527837,82.736856,6.364135,224.675723,rice
92,35,40,22.179319,80.331272,6.357389,200.088279,rice
73,57,41,21.44654,84.94376,5.824709,272.20172,rice
84,51,35,22.301574,80.644165,6.043305,197.979122,rice
60,49,44,20.775761,84.497744,6.244841,240.081065,rice
97,50,41,24.529227,80.544986,7.07096,260.263403,rice
97,59,43,26.359272,84.044036,6.2865,271.358614,rice
98,47,37,23.483813,81.332651,7.375483,224.058116,rice
65,37,40,23.359054,83.595123,5.333323,188.413665,rice
83,23,55,26.897502,83.892415,6.463271,43.971937,watermelon
119,25,51,26.473302,80.922544,6.283818,53.657426,watermelon
90,14,52,24.847408,89.204546,6.391858,59.679272,watermelon
117,30,50,24.901239,87.207729,6.744966,46.592073,watermelon
97,22,50,26.260287,86.145859,6.769894,58.978788,watermelon
113,19,46,25.41864,81.12123,6.286388,49.523207,watermelon
89,22,52,24.896811,86.107829,6.217301,53.146262,watermelon
91,12,46,24.644585,85.499382,6.343943,48.31219,watermelon
120,7,47,24.247825,83.036879,6.653868,54.765762,watermelon
84,25,52,24.371902,81.251482,6.125324,44.208996,watermelon
115,11,46,24.415927,89.396555,6.623167,40.321619,watermelon
107,10,49,25.832029,89.004817,6.755192,45.246906,watermelon
111,6,53,26.493065,88.591431,6.313513,46.063822,watermelon
101,17,55,24.371182,87.126913,6.4515,44.639077,watermelon
101,13,54,25.429009,82.914818,6.828983,56.341446,watermelon
81,6,55,24.889105,85.870591,6.110143,51.706991,watermelon
91,7,52,25.078037,83.462305,6.405054,56.399629,watermelon
120,20,45,25.66576,88.698423,6.114129,54.227225,watermelon
118,21,51,24.429989,86.339048,6.678805,48.582418,watermelon
110,28,46,24.29105,88.045413,6.498896,51.260464,watermelon
82,25,51,24.31335,87.474091,6.07421,48.112484,watermelon
82,23,49,26.813836,87.219869,6.873284,51.704978,watermelon
95,12,46,26.216676,81.010094,6.322817,54.654236,watermelon
104,23,47,26.982128,86.700683,6.770434,42.912922,watermelon
90,16,45,24.920933,80.617508,6.29154,50.557108,watermelon
81,16,45,26.904357,86.254262,6.727468,59.7598,watermelon
92,7,45,26.706078,81.141495,6.94464,51.510336,watermelon
96,18,50,25.331045,84.305338,6.904242,41.532187,watermelon
110,7,45,26.638386,84.695469,6.189214,48.324286,watermelon
97,12,47,25.287846,89.636679,6.765095,58.286977,watermelon
119,30,49,25.357947,80.458463,6.90302,47.720782,watermelon
95,14,50,26.633312,84.317568,6.560444,56.318662,watermelon
83,22,54,25.897623,81.966648,6.277245,54.499601,watermelon
100,10,53,24.54357,84.608083,6.211749,42.006603,watermelon
89,25,54,24.693689,85.569676,6.353107,48.993908,watermelon
112,25,51,25.047469,85.566728,6.932537,56.724967,watermelon
110,21,54,26.736908,87.824302,6.747538,47.46447,watermelon
91,24,55,26.270616,83.091945,6.259087,46.768375,watermelon
92,7,48,26.275206,86.632496,6.956509,54.387485,watermelon
92,20,55,25.104748,87.526762,6.587791,59.265194,watermelon
99,6,45,26.125889,86.550794,6.000976,40.712101,watermelon
114,21,55,25.443839,87.939231,6.472756,57.515497,watermelon
101,11,51,25.50737,84.243402,6.792036,44.2069,watermelon
83,10,53,24.929948,85.008024,6.195142,48.758595,watermelon
113,30,50,26.039672,83.986244,6.277484,43.877123,watermelon
108,23,51,26.843661,83.8504,6.106501,40.228644,watermelon
111,5,55,26.283443,84.424789,6.520663,50.786697,watermelon
81,18,50,26.440195,80.919343,6.507111,47.818476,watermelon
88,5,47,25.864755,86.67468,6.662245,41.165548,watermelon
120,24,47,26.986037,89.413849,6.260839,58.548767,watermelon
97,25,50,26.22006,80.90127,6.093815,49.085539,watermelon
84,7,51,26.815305,87.656945,6.399669,55.740736,watermelon
97,8,52,24.910323,86.9719,6.237862,49.485757,watermelon
105,14,50,26.214884,87.688398,6.419052,59.655908,watermelon
103,17,51,25.111892,80.026213,6.209888,44.20657,watermelon
81,18,50,26.807506,88.22875,6.429788,58.798891,watermelon
109,21,55,24.90046,89.735242,6.770278,57.449421,watermelon
102,14,52,26.794899,89.648152,6.51076,57.740918,watermelon
95,12,51,25.764843,84.1727,6.681607,44.220669,watermelon
104,17,46,25.713143,80.229728,6.190016,43.089618,watermelon
119,9,50,26.745507,83.91959,6.251287,40.794305,watermelon
101,10,47,25.54217,83.318834,6.936998,57.573432,watermelon
86,15,47,24.043558,84.184068,6.423899,53.7893,watermelon
83,25,53,26.491953,80.046782,6.057697,57.727992,watermelon
118,13,54,24.413119,89.81574,6.039585,44.078435,watermelon
82,22,45,26.22338,85.34866,6.512196,54.601593,watermelon
85,22,53,25.965342,89.770767,6.849472,59.463386,watermelon
85,27,45,26.071376,88.728566,6.467096,57.796528,watermelon
80,26,55,24.534426,88.989272,6.140099,49.116187,watermelon
93,22,52,26.587407,81.325632,6.93274,41.8754,watermelon
114,8,50,24.746313,88.308663,6.581588,57.958261,watermelon
105,30,50,25.299547,81.775276,6.376201,57.041471,watermelon
119,19,55,25.1878,83.446217,6.818261,46.874209,watermelon
120,19,49,25.794489,84.268307,6.762472,56.452292,watermelon
102,28,54,25.156231,80.275251,6.862157,55.495415,watermelon
95,16,55,25.269312,87.550551,6.612848,40.126504,watermelon
83,9,45,25.854836,89.13164,6.04961,46.85177,watermelon
85,25,47,26.114404,87.640811,6.295425,58.481608,watermelon
101,20,48,24.677416,82.754114,6.206247,57.057094,watermelon
103,16,49,24.067315,81.640753,6.915717,51.752124,watermelon
107,5,52,26.663461,89.984052,6.881426,57.408472,watermelon
86,6,53,25.920302,83.472026,6.921848,42.106815,watermelon
91,7,53,25.137359,89.282727,6.457217,43.528975,watermelon
100,18,52,26.202345,80.382665,6.876067,56.479418,watermelon
80,16,46,25.504055,81.402974,6.940236,48.478333,watermelon
109,10,53,26.819387,87.82746,6.55175,46.061938,watermelon
117,27,48,26.532593,82.39054,6.835268,54.306608,watermelon
119,7,55,26.038677,84.637838,6.031424,44.399338,watermelon
108,22,46,26.176687,86.72952,6.121169,53.33485,watermelon
98,8,51,26.179346,86.522581,6.259336,49.43051,watermelon
99,5,47,24.130788,84.844946,6.649087,51.194702,watermelon
106,14,45,24.470185,84.163902,6.417012,57.26773,watermelon
92,21,48,25.816922,82.043255,6.377427,54.829634,watermelon
118,15,45,24.214957,84.20577,6.538006,48.011385,watermelon
88,29,51,24.718855,88.945683,6.09569,48.459786,watermelon
112,28,54,24.860946,85.053186,6.738031,55.295635,watermelon
116,5,54,25.376013,80.993135,6.653987,57.230285,watermelon
91,21,50,24.335282,81.440304,6.76203,48.321136,watermelon
83,29,52,25.764027,87.593113,6.704689,46.051227,watermelon
98,25,52,25.280137,83.153937,6.224066,49.294566,watermelon
